{"cameraMode":{"drawMode":0,"name":"Shaded","section":"Shading Mode"},"sceneLighting":true,"audioPlay":false,"sceneViewState":{"showFog":true,"showMaterialUpdate":false,"showSkybox":true,"showFlares":true,"showImageEffects":true,"showParticleSystems":true},"in2DMode":false,"pivot":{"x":-1.1966543197631837,"y":-1.006734848022461,"z":2.186412811279297},"rotation":{"x":-0.11379383504390717,"y":0.8655939102172852,"z":-0.228700652718544,"w":-0.4306907057762146},"size":12.974348068237305,"orthographic":false}